{"rows": [{"algo": "otsu", "thresholds": "53,80,104,128,160", "fe": 5.098194559845349, "time": 137.2246, "psnr": 30.434413317551872, "ssim": 0.8122696181175525, "dice": 0.44570407804229223}, {"algo": "mfwoa", "thresholds": "153,168,185,204,226", "fe": 5.396755526976353, "time": 1.8106, "psnr": 17.782496084732692, "ssim": 0.5564592028154343, "dice": 0.6794968726372946}, {"algo": "woa", "thresholds": "50,131,168,197,224", "fe": 5.237972568033333, "time": 1.8967, "psnr": 23.274408431618472, "ssim": 0.683626759077547, "dice": 0.43895751778343056}, {"algo": "pso", "thresholds": "23,80,85,212,226", "fe": 5.334333464930275, "time": 1.8643, "psnr": 20.42738496843855, "ssim": 0.6484468963374453, "dice": 0.36063183779200914}], "timestamp": 1763307818}