{"rows": [{"algo": "otsu", "thresholds": "57,90,120,155", "fe": 4.438873914635386, "time": 3.3262, "psnr": 28.8600609899042, "ssim": 0.7731748082588925, "dice": null}, {"algo": "mfwoa", "thresholds": "154,181,198,209", "fe": 4.767339935829745, "time": 2.7737, "psnr": 17.729687396588425, "ssim": 0.5502169192206242, "dice": null}, {"algo": "woa", "thresholds": "21,94,159,204", "fe": 4.613953763737036, "time": 3.1764, "psnr": 23.071331523829265, "ssim": 0.6493870762913131, "dice": null}, {"algo": "pso", "thresholds": "21,86,127,168", "fe": 4.607511762828242, "time": 3.3935, "psnr": 25.107810610239003, "ssim": 0.694238000607821, "dice": null}], "timestamp": 1763284810}