{"rows": [{"algo": "otsu", "thresholds": "40,81,111,149,201", "fe": 4.782168666171885, "time": 208.6751, "psnr": 27.451783671772517, "ssim": 0.858381218223585, "dice": 0.42065234300727705}, {"algo": "woa", "thresholds": "21,46,135,164,213", "fe": 4.900503475984855, "time": 0.9551, "psnr": 22.466545769416424, "ssim": 0.6281264620137211, "dice": 0.40961421934962633}, {"algo": "pso", "thresholds": "31,61,88,189,236", "fe": 4.886225316596254, "time": 0.8517, "psnr": 23.60127452084647, "ssim": 0.7268081470161954, "dice": 0.41540352314625156}], "timestamp": 1763363413}