{"rows": [{"algo": "mfwoa", "thresholds": "155,204,215,222,225", "fe": 0.5524907015785521, "time": 3.3814, "psnr": 17.638818734653245, "ssim": 0.5393206227327675, "dice": null}, {"algo": "woa", "thresholds": "155,202,213,216,221", "fe": 0.5523978168868342, "time": 0.3134, "psnr": 17.64171548081596, "ssim": 0.5398187228612621, "dice": null}, {"algo": "ga", "thresholds": "155,202,215,218,225", "fe": 0.5524314358189265, "time": 9.3612, "psnr": 17.6416879180626, "ssim": 0.539816278362626, "dice": null}, {"algo": "otsu", "thresholds": "53,80,104,128,160", "fe": 0.5188437895859224, "time": 146.7833, "psnr": 30.43441106302342, "ssim": 0.8122707216177213, "dice": null}], "timestamp": 1763136680}