{"rows": [{"algo": "otsu", "thresholds": "43,87,121,179", "fe": 4.202693642334549, "time": 5.2755, "psnr": 25.776588240105383, "ssim": 0.8270634973003643, "dice": null}, {"algo": "mfwoa", "thresholds": "15,142,183,243", "fe": 4.522141215169317, "time": 0.9608, "psnr": 19.998535166396966, "ssim": 0.5088737938656905, "dice": null}, {"algo": "woa", "thresholds": "8,48,88,210", "fe": 4.445932082195568, "time": 0.9798, "psnr": 21.447456816275427, "ssim": 0.6822755980021374, "dice": null}, {"algo": "pso", "thresholds": "7,144,184,242", "fe": 4.547836398499377, "time": 0.9719, "psnr": 19.280705549726612, "ssim": 0.48172479686848924, "dice": null}], "timestamp": 1763220849}