{"rows": [{"algo": "otsu", "thresholds": "53,102,169", "fe": 0.4955754700014275, "time": 0.0969, "psnr": 23.94419672561364, "ssim": 0.7682479847525429, "dice": null}, {"algo": "mfwoa", "thresholds": "7,22,47", "fe": 0.5561081288872214, "time": 2.4919, "psnr": 15.178443719534211, "ssim": 0.3398186740685506, "dice": null}, {"algo": "woa", "thresholds": "7,22,47", "fe": 0.5561081288872214, "time": 2.3213, "psnr": 15.178443719534211, "ssim": 0.3398186740685506, "dice": null}, {"algo": "ga", "thresholds": "7,22,47", "fe": 0.5561081288872214, "time": 2.513, "psnr": 15.178443719534211, "ssim": 0.3398186740685506, "dice": null}], "timestamp": 1763189043}