{"rows": [{"algo": "otsu", "thresholds": "57,90,120,155", "fe": 4.438853696134597, "time": 3.1635, "psnr": 28.860102528735826, "ssim": 0.7731784676389931, "dice": null}, {"algo": "mfwoa", "thresholds": "52,107,152,197", "fe": 4.5446879817528, "time": 2.9318, "psnr": 26.17271920550319, "ssim": 0.7215098334229108, "dice": null}, {"algo": "woa", "thresholds": "21,92,159,202", "fe": 4.614396976064428, "time": 2.9959, "psnr": 23.223271233021112, "ssim": 0.6549558359509559, "dice": null}, {"algo": "pso", "thresholds": "21,86,127,168", "fe": 4.607484909993669, "time": 3.1829, "psnr": 25.107823661170997, "ssim": 0.6942393029014149, "dice": null}], "timestamp": 1763273426}