{"rows": [{"algo": "mfwoa", "thresholds": "7,48", "fe": 0.5558241103333553, "time": 2.479, "psnr": 15.188657652623409, "ssim": 0.33951434825395466, "dice": null}, {"algo": "woa", "thresholds": "7,48", "fe": 0.5558241103333553, "time": 2.1666, "psnr": 15.188657652623409, "ssim": 0.33951434825395466, "dice": null}, {"algo": "ga", "thresholds": "7,48", "fe": 0.5558241103333553, "time": 2.1167, "psnr": 15.188657652623409, "ssim": 0.33951434825395466, "dice": null}, {"algo": "otsu", "thresholds": "77,161", "fe": 0.49135385508878293, "time": 0.0079, "psnr": 21.526677540079113, "ssim": 0.6106297259412801, "dice": null}], "timestamp": 1763139013}