{"rows": [{"algo": "otsu", "thresholds": "57,90,120,155", "fe": 4.438873914635386, "time": 3.0609, "psnr": 28.8600609899042, "ssim": 0.7731748082588925, "dice": 0.44568488530194095}, {"algo": "mfwoa", "thresholds": "52,104,155,197", "fe": 4.545319590660897, "time": 1.7085, "psnr": 26.26566025091868, "ssim": 0.7284908638592696, "dice": 0.4511696966794162}], "timestamp": 1763272327}