{"rows": [{"algo": "otsu", "thresholds": "53,80,104,128,160", "fe": 5.2397335374502365, "time": 123.1793, "psnr": 30.43441106302342, "ssim": 0.8122707216177213, "dice": null}, {"algo": "mfwoa", "thresholds": "23,83,126,174,227", "fe": -1000000.0, "time": 2.5763, "psnr": 25.18488910110069, "ssim": 0.6937615889676654, "dice": null}, {"algo": "woa", "thresholds": "52,105,146,186,226", "fe": 5.290194198147744, "time": 2.4583, "psnr": 26.70902749376122, "ssim": 0.7344016407593723, "dice": null}, {"algo": "pso", "thresholds": "22,85,126,179,226", "fe": 5.37470636804231, "time": 2.4401, "psnr": 24.844692863810728, "ssim": 0.6856943898209302, "dice": null}], "timestamp": 1763268316}