{"rows": [{"algo": "otsu", "thresholds": "53,80,104,128,160", "fe": 5.2397335374502365, "time": 149.3115, "psnr": 30.43441106302342, "ssim": 0.8122707216177213, "dice": null}, {"algo": "mfwoa", "thresholds": "23,83,129,173,226", "fe": 5.354291349455376, "time": 1.7017, "psnr": 25.188056298843442, "ssim": 0.6973375615510756, "dice": null}, {"algo": "woa", "thresholds": "47,87,128,173,226", "fe": 5.24728296871313, "time": 1.8577, "psnr": 27.722386008573828, "ssim": 0.7569138818764135, "dice": null}, {"algo": "pso", "thresholds": "21,86,127,168,209", "fe": 5.356886729218829, "time": 1.8672, "psnr": 25.129476522368627, "ssim": 0.6948695697014133, "dice": null}], "timestamp": 1763224830}