{"rows": [{"algo": "otsu", "thresholds": "57,90,120,155", "fe": 4.438873914635386, "time": 2.4812, "psnr": 28.8600609899042, "ssim": 0.7731748082588925, "dice": 0.44568488530194095}], "timestamp": 1763272153}