algo,thresholds,fe,time,psnr,ssim,dice
otsu,"57,90,120,155",4.438873914635386,2.4812,28.8600609899042,0.7731748082588925,0.44568488530194095
