{"rows": [{"algo": "otsu", "thresholds": "57,90,120,155", "fe": 4.438853696134597, "time": 3.5664, "psnr": 28.860102528735826, "ssim": 0.7731784676389931, "dice": null}, {"algo": "mfwoa", "thresholds": "52,107,152,197", "fe": 4.5446879817528, "time": 2.9727, "psnr": 26.17271920550319, "ssim": 0.7215098334229108, "dice": null}, {"algo": "woa", "thresholds": "22,83,128,169", "fe": 4.605927252282672, "time": 3.3021, "psnr": 25.3006516506315, "ssim": 0.6996988801107816, "dice": null}, {"algo": "pso", "thresholds": "51,104,151,206", "fe": 4.5641650929559905, "time": 3.6136, "psnr": 26.192492909156122, "ssim": 0.7260594612921893, "dice": null}], "timestamp": 1763220902}