{"rows": [{"algo": "mfwoa_multitask", "thresholds": "50,129,170,197,224", "fe": 5.1798169427766485, "time": 2.5872, "psnr": 23.398378112873807, "ssim": 0.683995816108734, "dice": 0.43895751778343056}], "timestamp": 1763353801}