algo,thresholds,fe,time,psnr,ssim,dice
mfwoa_multitask,"50,129,170,197,224",5.1798169427766485,2.5872,23.398378112873807,0.683995816108734,0.43895751778343056
