{"rows": [{"algo": "otsu", "thresholds": "57,90,120,155", "fe": 4.438873914635386, "time": 3.3785, "psnr": 28.8600609899042, "ssim": 0.7731748082588925, "dice": null}, {"algo": "mfwoa", "thresholds": "24,79,128,203", "fe": 4.557362291915862, "time": 1.1338, "psnr": 24.194412405325604, "ssim": 0.6822818668635248, "dice": null}, {"algo": "woa", "thresholds": "51,108,127,162", "fe": 4.537680204591718, "time": 1.006, "psnr": 26.685472540732395, "ssim": 0.7340514112717573, "dice": null}, {"algo": "pso", "thresholds": "50,63,76,223", "fe": 4.751540854814588, "time": 0.8935, "psnr": 20.270375459154394, "ssim": 0.6885366022171846, "dice": null}], "timestamp": 1763285219}