{"rows": [{"algo": "mfwoa", "thresholds": "7,48", "fe": 0.5558241103333553, "time": 0.8691, "psnr": 15.188657652623409, "ssim": 0.33951434825395466, "dice": null}, {"algo": "woa", "thresholds": "13,48", "fe": 0.5548908420126036, "time": 0.1769, "psnr": 15.197186043545901, "ssim": 0.34137529365628955, "dice": null}, {"algo": "ga", "thresholds": "7,48", "fe": 0.5558241103333553, "time": 0.7314, "psnr": 15.188657652623409, "ssim": 0.33951434825395466, "dice": null}, {"algo": "otsu", "thresholds": "77,161", "fe": 0.49135385508878293, "time": 0.0013, "psnr": 21.526677540079113, "ssim": 0.6106297259412801, "dice": null}], "timestamp": 1763138775}