{"rows": [{"algo": "otsu", "thresholds": "57,90,120,155", "fe": 4.438853696134597, "time": 3.0254, "psnr": 28.860102528735826, "ssim": 0.7731784676389931, "dice": null}, {"algo": "mfwoa", "thresholds": "53,104,155,197", "fe": 4.544311024567921, "time": 1.0439, "psnr": 26.35347574290911, "ssim": 0.7302479789835212, "dice": null}, {"algo": "woa", "thresholds": "21,92,157,204", "fe": 4.611778107727452, "time": 0.8849, "psnr": 23.30136020126539, "ssim": 0.6568026628880601, "dice": null}, {"algo": "pso", "thresholds": "21,86,127,168", "fe": 4.607484909993669, "time": 0.798, "psnr": 25.107823661170997, "ssim": 0.6942393029014149, "dice": null}], "timestamp": 1763269053}