{"rows": [{"algo": "otsu", "thresholds": "53,80,104,128,160", "fe": 5.2397335374502365, "time": 118.7992, "psnr": 30.43441106302342, "ssim": 0.8122707216177213, "dice": null}, {"algo": "mfwoa", "thresholds": "23,83,126,174,227", "fe": -1000000.0, "time": 2.0717, "psnr": 25.18488910110069, "ssim": 0.6937615889676654, "dice": null}, {"algo": "woa", "thresholds": "26,66,106,149,206", "fe": 5.252624130271514, "time": 2.4074, "psnr": 26.851046989164253, "ssim": 0.7279042601968411, "dice": null}, {"algo": "pso", "thresholds": "26,66,106,151,206", "fe": 5.253711995074234, "time": 2.5305, "psnr": 26.82190231294217, "ssim": 0.7277542592264077, "dice": null}], "timestamp": 1763273368}