{"rows": [{"algo": "otsu", "thresholds": "43,87,121,179", "fe": 0.4855142080053924, "time": 4.2044, "psnr": 25.776588240105383, "ssim": 0.8270634973003643, "dice": null}, {"algo": "mfwoa", "thresholds": "7,22,37,50", "fe": 0.5559533111968481, "time": 0.7526, "psnr": 15.264424791097937, "ssim": 0.35495032603930726, "dice": null}, {"algo": "woa", "thresholds": "7,22,37,50", "fe": 0.5559533111968481, "time": 0.5948, "psnr": 15.264424791097937, "ssim": 0.35495032603930726, "dice": null}], "timestamp": 1763189591}