{"rows": [{"algo": "otsu", "thresholds": "53,80,104,128,160", "fe": 5.2397335374502365, "time": 119.6412, "psnr": 30.43441106302342, "ssim": 0.8122707216177213, "dice": null}, {"algo": "mfwoa", "thresholds": "23,83,126,174,227", "fe": -1000000.0, "time": 2.3207, "psnr": 25.18488910110069, "ssim": 0.6937615889676654, "dice": null}, {"algo": "woa", "thresholds": "23,82,129,176,225", "fe": 5.364469624581676, "time": 2.3779, "psnr": 25.146537207280545, "ssim": 0.695760861229328, "dice": null}, {"algo": "pso", "thresholds": "26,66,106,151,206", "fe": 5.253711995074234, "time": 2.3309, "psnr": 26.82190231294217, "ssim": 0.7277542592264077, "dice": null}], "timestamp": 1763267918}