{"rows": [{"algo": "otsu", "thresholds": "57,90,120,155", "fe": 4.438873914635386, "time": 2.9767, "psnr": 28.8600609899042, "ssim": 0.7731748082588925, "dice": 0.44568488530194095}, {"algo": "mfwoa", "thresholds": "52,104,155,197", "fe": 4.545319590660897, "time": 1.702, "psnr": 26.26566025091868, "ssim": 0.7284908638592696, "dice": 0.4511696966794162}, {"algo": "woa", "thresholds": "51,106,149,208", "fe": 4.561510378389936, "time": 1.8274, "psnr": 26.06270626862001, "ssim": 0.7201892579027662, "dice": 0.4523188237939187}, {"algo": "pso", "thresholds": "50,129,176,225", "fe": 4.612803118840435, "time": 1.7228, "psnr": 23.246769598109957, "ssim": 0.6768315268077387, "dice": 0.4535475034580022}], "timestamp": 1763272369}