{"rows": [{"algo": "otsu", "thresholds": "53,80,104,128,160", "fe": 4.990188493887654, "time": 127.5108, "psnr": 30.43441106302342, "ssim": 0.8122707216177213, "dice": 0.44570407804229223}, {"algo": "mfwoa", "thresholds": "50,129,160,185,223", "fe": 5.176601834621106, "time": 5.0923, "psnr": 23.570660336760618, "ssim": 0.6955857902110848, "dice": 0.43895751778343056}, {"algo": "woa", "thresholds": "51,130,159,200,226", "fe": 5.185096380394093, "time": 2.1611, "psnr": 23.536629811683202, "ssim": 0.6919989055017449, "dice": 0.44133558457668587}, {"algo": "pso", "thresholds": "51,130,159,200,226", "fe": 5.185096380394093, "time": 2.2422, "psnr": 23.536629811683202, "ssim": 0.6919989055017449, "dice": 0.44133558457668587}], "timestamp": 1763309943}