{"rows": [{"algo": "mfwoa", "thresholds": "7,22,37,50", "fe": 0.5559533111968481, "time": 0.8414, "psnr": 15.264424791097937, "ssim": 0.3549503260393074, "dice": null}, {"algo": "woa", "thresholds": "9,44,50,57", "fe": 0.5517108003312147, "time": 0.1871, "psnr": 15.49416910365913, "ssim": 0.3890919297950485, "dice": null}, {"algo": "ga", "thresholds": "9,22,37,50", "fe": 0.555276737356566, "time": 0.5851, "psnr": 15.264556947168245, "ssim": 0.3547439455084393, "dice": null}, {"algo": "otsu", "thresholds": "43,87,121,179", "fe": 0.4855142080053924, "time": 3.9723, "psnr": 25.776588240105383, "ssim": 0.8270634973003643, "dice": null}], "timestamp": 1763138598}